{"files":["muzeum.grebocin.pl_wpvivid-6440b3aedeb6c_2025-03-24-09-12_backup_db.sql"],"tables":[{"name":"wpmuz_yoast_seo_meta","size":16384,"rows":"112"},{"name":"wpmuz_wc_reserved_stock","size":16384,"rows":"0"},{"name":"wpmuz_hugeit_slider_slide","size":16384,"rows":"12"},{"name":"wpmuz_hugeit_slider_slider","size":16384,"rows":"3"},{"name":"wpmuz_wc_category_lookup","size":16384,"rows":"8"},{"name":"wpmuz_woocommerce_shipping_zones","size":16384,"rows":"1"},{"name":"wpmuz_woocommerce_shipping_zone_methods","size":16384,"rows":"2"},{"name":"wpmuz_wc_admin_notes","size":16384,"rows":"33"},{"name":"wpmuz_woocommerce_log","size":32768,"rows":"0"},{"name":"wpmuz_wc_webhooks","size":32768,"rows":"0"},{"name":"wpmuz_wc_tax_rate_classes","size":32768,"rows":"4"},{"name":"wpmuz_actionscheduler_claims","size":32768,"rows":"1"},{"name":"wpmuz_woocommerce_order_items","size":32768,"rows":"14"},{"name":"wpmuz_wc_admin_note_actions","size":32768,"rows":"32"},{"name":"wpmuz_woocommerce_payment_tokens","size":32768,"rows":"0"},{"name":"wpmuz_woocommerce_attribute_taxonomies","size":32768,"rows":"0"},{"name":"wpmuz_yoast_migrations","size":32768,"rows":"21"},{"name":"wpmuz_actionscheduler_groups","size":32768,"rows":"3"},{"name":"wpmuz_links","size":32768,"rows":"0"},{"name":"wpmuz_woocommerce_shipping_zone_locations","size":49152,"rows":"0"},{"name":"wpmuz_woocommerce_tax_rate_locations","size":49152,"rows":"0"},{"name":"wpmuz_wc_customer_lookup","size":49152,"rows":"0"},{"name":"wpmuz_wc_download_log","size":49152,"rows":"0"},{"name":"wpmuz_wc_order_coupon_lookup","size":49152,"rows":"0"},{"name":"wpmuz_termmeta","size":49152,"rows":"31"},{"name":"wpmuz_term_taxonomy","size":49152,"rows":"37"},{"name":"wpmuz_wc_order_tax_lookup","size":49152,"rows":"0"},{"name":"wpmuz_woocommerce_order_itemmeta","size":49152,"rows":"94"},{"name":"wpmuz_commentmeta","size":49152,"rows":"0"},{"name":"wpmuz_yoast_primary_term","size":49152,"rows":"151"},{"name":"wpmuz_woocommerce_payment_tokenmeta","size":49152,"rows":"0"},{"name":"wpmuz_woocommerce_api_keys","size":49152,"rows":"0"},{"name":"wpmuz_terms","size":49152,"rows":"37"},{"name":"wpmuz_wc_order_stats","size":65536,"rows":"0"},{"name":"wpmuz_users","size":65536,"rows":"3"},{"name":"wpmuz_usermeta","size":65536,"rows":"122"},{"name":"wpmuz_woocommerce_downloadable_product_permissions","size":81920,"rows":"0"},{"name":"wpmuz_woocommerce_tax_rates","size":81920,"rows":"1"},{"name":"wpmuz_wc_order_product_lookup","size":81920,"rows":"0"},{"name":"wpmuz_actionscheduler_logs","size":81920,"rows":"404"},{"name":"wpmuz_term_relationships","size":114688,"rows":"1124"},{"name":"wpmuz_comments","size":114688,"rows":"6"},{"name":"wpmuz_wc_product_meta_lookup","size":114688,"rows":"18"},{"name":"wpmuz_actionscheduler_actions","size":180224,"rows":"129"},{"name":"wpmuz_yoast_indexable_hierarchy","size":229376,"rows":"1467"},{"name":"wpmuz_options","size":311296,"rows":"527"},{"name":"wpmuz_yoast_seo_links","size":458752,"rows":"1748"},{"name":"wpmuz_yoast_indexable","size":1982464,"rows":"1396"},{"name":"wpmuz_postmeta","size":4014080,"rows":"4470"},{"name":"wpmuz_posts","size":11419648,"rows":"2432"},{"name":"wpmuz_woocommerce_sessions","size":17547264,"rows":"3468"}],"dump_db":1,"file_type":"databases","home_url":"https:\/\/muzeum.grebocin.pl","root_flag":"custom","php_version":"7.3.33","mysql_version":"5.5.5","wp_version":"5.7.12","find_zero_date":1,"file":"muzeum.grebocin.pl_wpvivid-6440b3aedeb6c_2025-03-24-09-12_backup_db.part001.zip"}